arrival_time,start_time,finish_time,wait_time,queue_length,service_time
30-Mar-2023 00:10:00,30-Mar-2023 00:10:00,2023-03-30 00:22:44.800,0,28,12.7466666666667
30-Mar-2023 00:10:00,30-Mar-2023 00:16:00,2023-03-30 00:25:53.200,6,28,9.88666666666667
30-Mar-2023 00:10:00,30-Mar-2023 00:16:00,2023-03-30 00:25:48.400,6,28,9.80666666666667
30-Mar-2023 00:10:00,30-Mar-2023 00:14:00,2023-03-30 00:27:23.200,4,28,13.3866666666667
30-Mar-2023 00:10:00,30-Mar-2023 00:15:00,2023-03-30 00:31:21.400,5,28,16.3566666666667
30-Mar-2023 00:10:00,30-Mar-2023 00:20:00,2023-03-30 00:35:37.600,10,28,15.6266666666667
30-Mar-2023 00:10:00,30-Mar-2023 00:20:00,2023-03-30 00:31:56.199,10,28,11.93666666665
30-Mar-2023 00:10:00,30-Mar-2023 00:17:00,2023-03-30 00:30:07.600,7,28,13.1266666666667
30-Mar-2023 00:10:00,30-Mar-2023 00:12:00,2023-03-30 00:25:37.600,2,28,13.6266666666667
30-Mar-2023 00:10:00,30-Mar-2023 00:18:00,2023-03-30 00:22:31.000,8,28,4.51666666666667
30-Mar-2023 00:10:00,30-Mar-2023 00:14:00,2023-03-30 00:21:20.800,4,28,7.34666666666667
30-Mar-2023 00:10:00,30-Mar-2023 00:19:00,2023-03-30 00:25:33.400,9,28,6.55666666666667
30-Mar-2023 00:10:00,30-Mar-2023 00:20:00,2023-03-30 00:20:24.400,10,28,0.406666666666667
30-Mar-2023 00:10:00,30-Mar-2023 00:10:00,2023-03-30 00:25:58.600,0,28,15.9766666666667
30-Mar-2023 00:10:00,30-Mar-2023 00:14:00,2023-03-30 00:22:28.000,4,28,8.46666666666667
30-Mar-2023 00:10:00,30-Mar-2023 00:10:00,2023-03-30 00:21:54.400,0,28,11.9066666666667
30-Mar-2023 00:10:00,30-Mar-2023 00:16:00,2023-03-30 00:33:38.200,6,28,17.6366666666667
30-Mar-2023 00:10:00,30-Mar-2023 00:17:00,2023-03-30 00:26:48.400,7,28,9.80666666666667
30-Mar-2023 00:10:00,30-Mar-2023 00:12:00,2023-03-30 00:31:58.600,2,28,19.9766666666667
30-Mar-2023 00:10:00,30-Mar-2023 00:13:00,2023-03-30 00:25:48.400,3,28,12.8066666666667
30-Mar-2023 00:10:00,30-Mar-2023 00:20:00,2023-03-30 00:32:24.400,10,28,12.4066666666667
30-Mar-2023 00:10:00,30-Mar-2023 00:11:00,2023-03-30 00:24:20.199,1,28,13.33666666665
30-Mar-2023 00:10:00,30-Mar-2023 00:17:00,2023-03-30 00:29:49.600,7,28,12.8266666666667
30-Mar-2023 00:10:00,30-Mar-2023 00:19:00,2023-03-30 00:30:52.600,9,28,11.8766666666667
30-Mar-2023 00:10:00,30-Mar-2023 00:11:00,2023-03-30 00:19:27.400,1,28,8.45666666666667
30-Mar-2023 00:10:00,30-Mar-2023 00:17:00,2023-03-30 00:24:37.599,7,28,7.62666666665
30-Mar-2023 00:10:00,30-Mar-2023 00:18:00,2023-03-30 00:22:35.800,8,28,4.59666666666667
30-Mar-2023 00:10:00,30-Mar-2023 00:11:00,2023-03-30 00:20:01.000,1,28,9.01666666666667
30-Mar-2023 01:58:00,30-Mar-2023 01:58:00,2023-03-30 02:21:26.200,0,27,23.4366666666667
30-Mar-2023 01:58:00,30-Mar-2023 02:04:00,2023-03-30 02:16:49.000,6,27,12.8166666666667
30-Mar-2023 01:58:00,30-Mar-2023 02:00:00,2023-03-30 02:05:36.400,2,27,5.60666666666667
30-Mar-2023 01:58:00,30-Mar-2023 01:58:00,2023-03-30 02:11:40.000,0,27,13.6666666666667
30-Mar-2023 01:58:00,30-Mar-2023 02:06:00,2023-03-30 02:13:08.800,8,27,7.14666666666667
30-Mar-2023 01:58:00,30-Mar-2023 02:07:00,2023-03-30 02:20:21.400,9,27,13.3566666666667
30-Mar-2023 01:58:00,30-Mar-2023 02:08:00,2023-03-30 02:17:07.000,10,27,9.11666666666667
30-Mar-2023 01:58:00,30-Mar-2023 01:58:00,2023-03-30 02:07:43.000,0,27,9.71666666666667
30-Mar-2023 01:58:00,30-Mar-2023 02:07:00,2023-03-30 02:11:52.600,9,27,4.87666666666667
30-Mar-2023 01:58:00,30-Mar-2023 02:00:00,2023-03-30 02:07:01.000,2,27,7.01666666666667
30-Mar-2023 01:58:00,30-Mar-2023 01:59:00,2023-03-30 02:00:30.400,1,27,1.50666666666667
30-Mar-2023 01:58:00,30-Mar-2023 01:58:00,2023-03-30 02:06:31.600,0,27,8.52666666666667
30-Mar-2023 01:58:00,30-Mar-2023 02:06:00,2023-03-30 02:30:37.600,8,27,24.6266666666667
30-Mar-2023 01:58:00,30-Mar-2023 01:58:00,2023-03-30 02:17:03.400,0,27,19.0566666666667
30-Mar-2023 01:58:00,30-Mar-2023 02:02:00,2023-03-30 02:14:51.400,4,27,12.8566666666667
30-Mar-2023 01:58:00,30-Mar-2023 02:08:00,2023-03-30 02:22:04.600,10,27,14.0766666666667
30-Mar-2023 01:58:00,30-Mar-2023 02:01:00,2023-03-30 02:16:49.600,3,27,15.8266666666667
30-Mar-2023 01:58:00,30-Mar-2023 02:06:00,2023-03-30 02:24:08.800,8,27,18.1466666666667
30-Mar-2023 01:58:00,30-Mar-2023 02:01:00,2023-03-30 02:09:23.800,3,27,8.39666666666667
30-Mar-2023 01:58:00,30-Mar-2023 02:05:00,2023-03-30 02:17:34.000,7,27,12.5666666666667
30-Mar-2023 01:58:00,30-Mar-2023 02:08:00,2023-03-30 02:15:40.599,10,27,7.67666666665
30-Mar-2023 01:58:00,30-Mar-2023 01:59:00,2023-03-30 02:07:57.400,1,27,8.95666666666667
30-Mar-2023 01:58:00,30-Mar-2023 02:05:00,2023-03-30 02:09:41.800,7,27,4.69666666666667
30-Mar-2023 01:58:00,30-Mar-2023 02:06:00,2023-03-30 02:19:40.600,8,27,13.6766666666667
30-Mar-2023 01:58:00,30-Mar-2023 01:59:00,2023-03-30 02:13:24.400,1,27,14.4066666666667
30-Mar-2023 01:58:00,30-Mar-2023 02:07:00,2023-03-30 02:16:05.200,9,27,9.08666666666667
30-Mar-2023 01:58:00,30-Mar-2023 02:05:00,2023-03-30 02:20:43.599,7,27,15.72666666665
30-Mar-2023 02:36:00,30-Mar-2023 02:36:00,2023-03-30 02:47:44.400,0,17,11.74
30-Mar-2023 02:36:00,30-Mar-2023 02:38:00,2023-03-30 02:46:10.799,2,17,8.17999999998333
30-Mar-2023 02:36:00,30-Mar-2023 02:42:00,2023-03-30 02:50:25.799,6,17,8.42999999998333
30-Mar-2023 02:36:00,30-Mar-2023 02:41:00,2023-03-30 02:44:05.400,5,17,3.09
30-Mar-2023 02:36:00,30-Mar-2023 02:39:00,2023-03-30 02:46:37.800,3,17,7.63
30-Mar-2023 02:36:00,30-Mar-2023 02:38:00,2023-03-30 02:43:47.400,2,17,5.79
30-Mar-2023 02:36:00,30-Mar-2023 02:41:00,2023-03-30 02:48:39.000,5,17,7.65
30-Mar-2023 02:36:00,30-Mar-2023 02:39:00,2023-03-30 02:57:00.599,3,17,18.0099999999833
30-Mar-2023 02:36:00,30-Mar-2023 02:38:00,2023-03-30 02:44:37.200,2,17,6.62
30-Mar-2023 02:36:00,30-Mar-2023 02:41:00,2023-03-30 02:42:41.400,5,17,1.69
30-Mar-2023 02:36:00,30-Mar-2023 02:43:00,2023-03-30 02:48:47.400,7,17,5.79
30-Mar-2023 02:36:00,30-Mar-2023 02:45:00,2023-03-30 02:52:37.800,9,17,7.63
30-Mar-2023 02:36:00,30-Mar-2023 02:45:00,2023-03-30 03:01:06.600,9,17,16.11
30-Mar-2023 02:36:00,30-Mar-2023 02:38:00,2023-03-30 02:59:18.600,2,17,21.31
30-Mar-2023 02:36:00,30-Mar-2023 02:44:00,2023-03-30 02:54:02.400,8,17,10.04
30-Mar-2023 02:36:00,30-Mar-2023 02:36:00,2023-03-30 02:41:40.800,0,17,5.68
30-Mar-2023 02:36:00,30-Mar-2023 02:39:00,2023-03-30 02:53:52.200,3,17,14.87
30-Mar-2023 03:02:00,30-Mar-2023 03:02:00,2023-03-30 03:06:43.800,0,45,4.73
30-Mar-2023 03:02:00,30-Mar-2023 03:10:00,2023-03-30 03:27:51.599,8,45,17.8599999999833
30-Mar-2023 03:02:00,30-Mar-2023 03:02:00,2023-03-30 03:13:09.600,0,45,11.16
30-Mar-2023 03:02:00,30-Mar-2023 03:08:00,2023-03-30 03:16:45.599,6,45,8.75999999998333
30-Mar-2023 03:02:00,30-Mar-2023 03:08:00,2023-03-30 03:24:37.800,6,45,16.63
30-Mar-2023 03:02:00,30-Mar-2023 03:03:00,2023-03-30 03:22:00.600,1,45,19.01
30-Mar-2023 03:02:00,30-Mar-2023 03:08:00,2023-03-30 03:22:54.000,6,45,14.9
30-Mar-2023 03:02:00,30-Mar-2023 03:02:00,2023-03-30 03:10:07.200,0,45,8.12
30-Mar-2023 03:02:00,30-Mar-2023 03:10:00,2023-03-30 03:13:55.200,8,45,3.92
30-Mar-2023 03:02:00,30-Mar-2023 03:10:00,2023-03-30 03:28:37.800,8,45,18.63
30-Mar-2023 03:02:00,30-Mar-2023 03:06:00,2023-03-30 03:17:31.199,4,45,11.5199999999833
30-Mar-2023 03:02:00,30-Mar-2023 03:08:00,2023-03-30 03:25:52.800,6,45,17.88
30-Mar-2023 03:02:00,30-Mar-2023 03:02:00,2023-03-30 03:16:33.000,0,45,14.55
30-Mar-2023 03:02:00,30-Mar-2023 03:09:00,2023-03-30 03:30:25.200,7,45,21.42
30-Mar-2023 03:02:00,30-Mar-2023 03:07:00,2023-03-30 03:17:52.199,5,45,10.8699999999833
30-Mar-2023 03:02:00,30-Mar-2023 03:04:00,2023-03-30 03:06:34.200,2,45,2.57
30-Mar-2023 03:02:00,30-Mar-2023 03:12:00,2023-03-30 03:15:01.799,10,45,3.02999999998333
30-Mar-2023 03:02:00,30-Mar-2023 03:12:00,2023-03-30 03:16:40.200,10,45,4.67
30-Mar-2023 03:02:00,30-Mar-2023 03:07:00,2023-03-30 03:22:12.000,5,45,15.2
30-Mar-2023 03:02:00,30-Mar-2023 03:12:00,2023-03-30 03:12:39.000,10,45,0.65
30-Mar-2023 03:02:00,30-Mar-2023 03:05:00,2023-03-30 03:08:32.400,3,45,3.54
30-Mar-2023 03:02:00,30-Mar-2023 03:03:00,2023-03-30 03:06:45.600,1,45,3.76
30-Mar-2023 03:02:00,30-Mar-2023 03:03:00,2023-03-30 03:05:03.000,1,45,2.05
30-Mar-2023 03:02:00,30-Mar-2023 03:03:00,2023-03-30 03:13:21.599,1,45,10.3599999999833
30-Mar-2023 03:02:00,30-Mar-2023 03:02:00,2023-03-30 03:19:08.999,0,45,17.1499999999833
30-Mar-2023 03:02:00,30-Mar-2023 03:11:00,2023-03-30 03:25:03.600,9,45,14.06
30-Mar-2023 03:02:00,30-Mar-2023 03:04:00,2023-03-30 03:11:01.200,2,45,7.02
30-Mar-2023 03:02:00,30-Mar-2023 03:11:00,2023-03-30 03:20:06.000,9,45,9.1
30-Mar-2023 03:02:00,30-Mar-2023 03:03:00,2023-03-30 03:00:29.400,1,45,NaN
30-Mar-2023 03:02:00,30-Mar-2023 03:10:00,2023-03-30 03:19:58.800,8,45,9.98
30-Mar-2023 03:02:00,30-Mar-2023 03:05:00,2023-03-30 03:10:53.400,3,45,5.89
30-Mar-2023 03:02:00,30-Mar-2023 03:02:00,2023-03-30 03:14:32.400,0,45,12.54
30-Mar-2023 03:02:00,30-Mar-2023 03:04:00,2023-03-30 03:16:40.800,2,45,12.68
30-Mar-2023 03:02:00,30-Mar-2023 03:05:00,2023-03-30 03:17:49.800,3,45,12.83
30-Mar-2023 03:02:00,30-Mar-2023 03:02:00,2023-03-30 03:13:52.800,0,45,11.88
30-Mar-2023 03:02:00,30-Mar-2023 03:12:00,2023-03-30 03:19:13.800,10,45,7.23
30-Mar-2023 03:02:00,30-Mar-2023 03:02:00,2023-03-30 03:05:32.400,0,45,3.54
30-Mar-2023 03:02:00,30-Mar-2023 03:11:00,2023-03-30 03:24:03.000,9,45,13.05
30-Mar-2023 03:02:00,30-Mar-2023 03:05:00,2023-03-30 03:10:12.000,3,45,5.2
30-Mar-2023 03:02:00,30-Mar-2023 03:09:00,2023-03-30 03:18:42.600,7,45,9.71
30-Mar-2023 03:02:00,30-Mar-2023 03:03:00,2023-03-30 03:13:15.000,1,45,10.25
30-Mar-2023 03:02:00,30-Mar-2023 03:02:00,2023-03-30 03:20:34.200,0,45,18.57
30-Mar-2023 03:02:00,30-Mar-2023 03:02:00,2023-03-30 03:14:18.600,0,45,12.31
30-Mar-2023 03:02:00,30-Mar-2023 03:02:00,2023-03-30 03:13:24.600,0,45,11.41
30-Mar-2023 03:02:00,30-Mar-2023 03:03:00,2023-03-30 03:10:53.400,1,45,7.89
30-Mar-2023 04:45:00,30-Mar-2023 04:45:00,2023-03-30 04:53:34.799,0,3,8.57999999998333
30-Mar-2023 04:45:00,30-Mar-2023 04:46:00,2023-03-30 04:58:27.600,1,3,12.46
30-Mar-2023 04:45:00,30-Mar-2023 04:47:00,2023-03-30 04:59:08.400,2,3,12.14
30-Mar-2023 05:34:00,30-Mar-2023 05:34:00,2023-03-30 05:37:11.400,0,50,3.19
30-Mar-2023 05:34:00,30-Mar-2023 05:38:00,2023-03-30 05:46:16.800,4,50,8.28
30-Mar-2023 05:34:00,30-Mar-2023 05:35:00,2023-03-30 05:47:33.000,1,50,12.55
30-Mar-2023 05:34:00,30-Mar-2023 05:40:00,2023-03-30 05:49:10.800,6,50,9.18
30-Mar-2023 05:34:00,30-Mar-2023 05:41:00,2023-03-30 05:52:10.800,7,50,11.18
30-Mar-2023 05:34:00,30-Mar-2023 05:39:00,2023-03-30 05:46:27.600,5,50,7.46
30-Mar-2023 05:34:00,30-Mar-2023 05:35:00,2023-03-30 05:37:37.200,1,50,2.62
30-Mar-2023 05:34:00,30-Mar-2023 05:42:00,2023-03-30 05:56:09.599,8,50,14.1599999999833
30-Mar-2023 05:34:00,30-Mar-2023 05:39:00,2023-03-30 05:43:20.400,5,50,4.34
30-Mar-2023 05:34:00,30-Mar-2023 05:39:00,2023-03-30 05:43:21.599,5,50,4.35999999998333
30-Mar-2023 05:34:00,30-Mar-2023 05:41:00,2023-03-30 06:02:58.800,7,50,21.98
30-Mar-2023 05:34:00,30-Mar-2023 05:44:00,2023-03-30 05:54:24.000,10,50,10.4
30-Mar-2023 05:34:00,30-Mar-2023 05:38:00,2023-03-30 05:51:33.600,4,50,13.56
30-Mar-2023 05:34:00,30-Mar-2023 05:36:00,2023-03-30 05:51:19.800,2,50,15.33
30-Mar-2023 05:34:00,30-Mar-2023 05:42:00,2023-03-30 05:53:54.000,8,50,11.9
30-Mar-2023 05:34:00,30-Mar-2023 05:37:00,2023-03-30 05:38:31.200,3,50,1.52
30-Mar-2023 05:34:00,30-Mar-2023 05:40:00,2023-03-30 05:49:12.000,6,50,9.2
30-Mar-2023 05:34:00,30-Mar-2023 05:42:00,2023-03-30 05:47:35.400,8,50,5.59
30-Mar-2023 05:34:00,30-Mar-2023 05:44:00,2023-03-30 05:55:49.800,10,50,11.83
30-Mar-2023 05:34:00,30-Mar-2023 05:38:00,2023-03-30 05:50:42.000,4,50,12.7
30-Mar-2023 05:34:00,30-Mar-2023 05:37:00,2023-03-30 05:46:46.800,3,50,9.78
30-Mar-2023 05:34:00,30-Mar-2023 05:40:00,2023-03-30 05:48:33.599,6,50,8.55999999998333
30-Mar-2023 05:34:00,30-Mar-2023 05:37:00,2023-03-30 05:38:38.400,3,50,1.64
30-Mar-2023 05:34:00,30-Mar-2023 05:36:00,2023-03-30 05:43:54.000,2,50,7.9
30-Mar-2023 05:34:00,30-Mar-2023 05:43:00,2023-03-30 05:51:55.800,9,50,8.93
30-Mar-2023 05:34:00,30-Mar-2023 05:34:00,2023-03-30 05:49:05.400,0,50,15.09
30-Mar-2023 05:34:00,30-Mar-2023 05:35:00,2023-03-30 05:42:39.600,1,50,7.66
30-Mar-2023 05:34:00,30-Mar-2023 05:39:00,2023-03-30 05:57:41.400,5,50,18.69
30-Mar-2023 05:34:00,30-Mar-2023 05:41:00,2023-03-30 05:53:32.400,7,50,12.54
30-Mar-2023 05:34:00,30-Mar-2023 05:41:00,2023-03-30 05:55:29.400,7,50,14.49
30-Mar-2023 05:34:00,30-Mar-2023 05:40:00,2023-03-30 05:54:07.800,6,50,14.13
30-Mar-2023 05:34:00,30-Mar-2023 05:39:00,2023-03-30 05:51:18.000,5,50,12.3
30-Mar-2023 05:34:00,30-Mar-2023 05:34:00,2023-03-30 05:46:29.400,0,50,12.49
30-Mar-2023 05:34:00,30-Mar-2023 05:37:00,2023-03-30 05:43:57.600,3,50,6.96
30-Mar-2023 05:34:00,30-Mar-2023 05:41:00,2023-03-30 05:50:16.800,7,50,9.28
30-Mar-2023 05:34:00,30-Mar-2023 05:42:00,2023-03-30 05:42:01.800,8,50,0.03
30-Mar-2023 05:34:00,30-Mar-2023 05:38:00,2023-03-30 05:48:39.599,4,50,10.6599999999833
30-Mar-2023 05:34:00,30-Mar-2023 05:37:00,2023-03-30 05:51:26.400,3,50,14.44
30-Mar-2023 05:34:00,30-Mar-2023 05:34:00,2023-03-30 05:47:49.800,0,50,13.83
30-Mar-2023 05:34:00,30-Mar-2023 05:35:00,2023-03-30 05:42:15.600,1,50,7.26
30-Mar-2023 05:34:00,30-Mar-2023 05:43:00,2023-03-30 05:50:57.000,9,50,7.95
30-Mar-2023 05:34:00,30-Mar-2023 05:37:00,2023-03-30 05:43:01.200,3,50,6.02
30-Mar-2023 05:34:00,30-Mar-2023 05:37:00,2023-03-30 05:46:03.000,3,50,9.05
30-Mar-2023 05:34:00,30-Mar-2023 05:37:00,2023-03-30 05:48:51.000,3,50,11.85
30-Mar-2023 05:34:00,30-Mar-2023 05:36:00,2023-03-30 05:42:33.000,2,50,6.55
30-Mar-2023 05:34:00,30-Mar-2023 05:39:00,2023-03-30 05:46:53.400,5,50,7.89
30-Mar-2023 05:34:00,30-Mar-2023 05:44:00,2023-03-30 05:59:41.400,10,50,15.69
30-Mar-2023 05:34:00,30-Mar-2023 05:35:00,2023-03-30 05:41:54.000,1,50,6.9
30-Mar-2023 05:34:00,30-Mar-2023 05:35:00,2023-03-30 05:44:57.600,1,50,9.96
30-Mar-2023 05:34:00,30-Mar-2023 05:34:00,2023-03-30 05:49:43.800,0,50,15.73
30-Mar-2023 06:51:00,30-Mar-2023 06:51:00,2023-03-30 07:04:35.800,0,24,13.5966666666667
30-Mar-2023 06:51:00,30-Mar-2023 07:00:00,2023-03-30 07:07:31.000,9,24,7.51666666666667
30-Mar-2023 06:51:00,30-Mar-2023 06:51:00,2023-03-30 06:54:59.800,0,24,3.99666666666667
30-Mar-2023 06:51:00,30-Mar-2023 06:59:00,2023-03-30 07:09:05.800,8,24,10.0966666666667
30-Mar-2023 06:51:00,30-Mar-2023 07:01:00,2023-03-30 07:16:01.599,10,24,15.02666666665
30-Mar-2023 06:51:00,30-Mar-2023 06:53:00,2023-03-30 07:02:49.600,2,24,9.82666666666667
30-Mar-2023 06:51:00,30-Mar-2023 06:52:00,2023-03-30 06:59:44.200,1,24,7.73666666666667
30-Mar-2023 06:51:00,30-Mar-2023 06:58:00,2023-03-30 07:25:38.800,7,24,27.6466666666667
30-Mar-2023 06:51:00,30-Mar-2023 06:57:00,2023-03-30 07:15:21.400,6,24,18.3566666666667
30-Mar-2023 06:51:00,30-Mar-2023 06:56:00,2023-03-30 07:04:50.200,5,24,8.83666666666667
30-Mar-2023 06:51:00,30-Mar-2023 06:52:00,2023-03-30 07:05:47.199,1,24,13.78666666665
30-Mar-2023 06:51:00,30-Mar-2023 06:51:00,2023-03-30 06:55:07.000,0,24,4.11666666666667
30-Mar-2023 06:51:00,30-Mar-2023 06:55:00,2023-03-30 07:07:08.800,4,24,12.1466666666667
30-Mar-2023 06:51:00,30-Mar-2023 06:59:00,2023-03-30 06:59:13.600,8,24,0.226666666666667
30-Mar-2023 06:51:00,30-Mar-2023 06:57:00,2023-03-30 07:10:26.199,6,24,13.43666666665
30-Mar-2023 06:51:00,30-Mar-2023 06:52:00,2023-03-30 07:02:08.800,1,24,10.1466666666667
30-Mar-2023 06:51:00,30-Mar-2023 06:51:00,2023-03-30 07:10:19.000,0,24,19.3166666666667
30-Mar-2023 06:51:00,30-Mar-2023 06:53:00,2023-03-30 07:06:17.199,2,24,13.28666666665
30-Mar-2023 06:51:00,30-Mar-2023 06:51:00,2023-03-30 07:04:53.800,0,24,13.8966666666667
30-Mar-2023 06:51:00,30-Mar-2023 06:54:00,2023-03-30 07:06:58.000,3,24,12.9666666666667
30-Mar-2023 06:51:00,30-Mar-2023 07:01:00,2023-03-30 07:06:16.000,10,24,5.26666666666667
30-Mar-2023 06:51:00,30-Mar-2023 06:55:00,2023-03-30 06:54:34.600,4,24,NaN
30-Mar-2023 06:51:00,30-Mar-2023 07:00:00,2023-03-30 07:08:17.800,9,24,8.29666666666667
30-Mar-2023 06:51:00,30-Mar-2023 06:53:00,2023-03-30 07:04:30.400,2,24,11.5066666666667
30-Mar-2023 07:14:00,30-Mar-2023 07:14:00,2023-03-30 07:22:55.400,0,3,8.92333333333333
30-Mar-2023 07:14:00,30-Mar-2023 07:24:00,2023-03-30 07:37:00.200,10,3,13.0033333333333
30-Mar-2023 07:14:00,30-Mar-2023 07:16:00,2023-03-30 07:21:24.800,2,3,5.41333333333333
30-Mar-2023 08:42:00,30-Mar-2023 08:42:00,2023-03-30 08:46:29.000,0,47,4.48333333333333
30-Mar-2023 08:42:00,30-Mar-2023 08:43:00,2023-03-30 08:47:57.799,1,47,4.96333333331667
30-Mar-2023 08:42:00,30-Mar-2023 08:42:00,2023-03-30 08:42:24.200,0,47,0.403333333333333
30-Mar-2023 08:42:00,30-Mar-2023 08:45:00,2023-03-30 08:52:08.000,3,47,7.13333333333333
30-Mar-2023 08:42:00,30-Mar-2023 08:45:00,2023-03-30 08:54:27.200,3,47,9.45333333333333
30-Mar-2023 08:42:00,30-Mar-2023 08:50:00,2023-03-30 09:03:23.599,8,47,13.3933333333167
30-Mar-2023 08:42:00,30-Mar-2023 08:50:00,2023-03-30 09:00:28.400,8,47,10.4733333333333
30-Mar-2023 08:42:00,30-Mar-2023 08:42:00,2023-03-30 08:49:24.800,0,47,7.41333333333333
30-Mar-2023 08:42:00,30-Mar-2023 08:50:00,2023-03-30 09:04:26.000,8,47,14.4333333333333
30-Mar-2023 08:42:00,30-Mar-2023 08:42:00,2023-03-30 08:52:03.800,0,47,10.0633333333333
30-Mar-2023 08:42:00,30-Mar-2023 08:48:00,2023-03-30 09:03:36.800,6,47,15.6133333333333
30-Mar-2023 08:42:00,30-Mar-2023 08:49:00,2023-03-30 08:56:06.200,7,47,7.10333333333333
30-Mar-2023 08:42:00,30-Mar-2023 08:47:00,2023-03-30 08:58:27.800,5,47,11.4633333333333
30-Mar-2023 08:42:00,30-Mar-2023 08:50:00,2023-03-30 08:59:22.400,8,47,9.37333333333333
30-Mar-2023 08:42:00,30-Mar-2023 08:48:00,2023-03-30 09:00:05.000,6,47,12.0833333333333
30-Mar-2023 08:42:00,30-Mar-2023 08:43:00,2023-03-30 09:00:47.600,1,47,17.7933333333333
30-Mar-2023 08:42:00,30-Mar-2023 08:51:00,2023-03-30 09:05:08.599,9,47,14.1433333333167
30-Mar-2023 08:42:00,30-Mar-2023 08:44:00,2023-03-30 08:46:10.399,2,47,2.17333333331667
30-Mar-2023 08:42:00,30-Mar-2023 08:42:00,2023-03-30 08:49:26.000,0,47,7.43333333333333
30-Mar-2023 08:42:00,30-Mar-2023 08:51:00,2023-03-30 09:04:55.400,9,47,13.9233333333333
30-Mar-2023 08:42:00,30-Mar-2023 08:45:00,2023-03-30 08:55:02.000,3,47,10.0333333333333
30-Mar-2023 08:42:00,30-Mar-2023 08:50:00,2023-03-30 08:56:25.400,8,47,6.42333333333333
30-Mar-2023 08:42:00,30-Mar-2023 08:46:00,2023-03-30 09:01:08.000,4,47,15.1333333333333
30-Mar-2023 08:42:00,30-Mar-2023 08:44:00,2023-03-30 08:56:34.400,2,47,12.5733333333333
30-Mar-2023 08:42:00,30-Mar-2023 08:46:00,2023-03-30 08:58:37.400,4,47,12.6233333333333
30-Mar-2023 08:42:00,30-Mar-2023 08:46:00,2023-03-30 08:47:54.800,4,47,1.91333333333333
30-Mar-2023 08:42:00,30-Mar-2023 08:46:00,2023-03-30 08:52:48.200,4,47,6.80333333333333
30-Mar-2023 08:42:00,30-Mar-2023 08:49:00,2023-03-30 08:49:32.000,7,47,0.533333333333333
30-Mar-2023 08:42:00,30-Mar-2023 08:44:00,2023-03-30 08:55:47.000,2,47,11.7833333333333
30-Mar-2023 08:42:00,30-Mar-2023 08:49:00,2023-03-30 08:56:23.600,7,47,7.39333333333333
30-Mar-2023 08:42:00,30-Mar-2023 08:49:00,2023-03-30 09:06:46.399,7,47,17.7733333333167
30-Mar-2023 08:42:00,30-Mar-2023 08:46:00,2023-03-30 08:48:51.199,4,47,2.85333333331667
30-Mar-2023 08:42:00,30-Mar-2023 08:44:00,2023-03-30 09:03:32.000,2,47,19.5333333333333
30-Mar-2023 08:42:00,30-Mar-2023 08:51:00,2023-03-30 09:07:50.000,9,47,16.8333333333333
30-Mar-2023 08:42:00,30-Mar-2023 08:44:00,2023-03-30 08:54:27.200,2,47,10.4533333333333
30-Mar-2023 08:42:00,30-Mar-2023 08:46:00,2023-03-30 08:59:45.800,4,47,13.7633333333333
30-Mar-2023 08:42:00,30-Mar-2023 08:43:00,2023-03-30 08:59:27.800,1,47,16.4633333333333
30-Mar-2023 08:42:00,30-Mar-2023 08:47:00,2023-03-30 09:00:23.000,5,47,13.3833333333333
30-Mar-2023 08:42:00,30-Mar-2023 08:52:00,2023-03-30 09:04:59.000,10,47,12.9833333333333
30-Mar-2023 08:42:00,30-Mar-2023 08:48:00,2023-03-30 08:52:24.200,6,47,4.40333333333333
30-Mar-2023 08:42:00,30-Mar-2023 08:44:00,2023-03-30 08:53:34.400,2,47,9.57333333333333
30-Mar-2023 08:42:00,30-Mar-2023 08:46:00,2023-03-30 08:52:12.799,4,47,6.21333333331667
30-Mar-2023 08:42:00,30-Mar-2023 08:42:00,2023-03-30 09:01:57.800,0,47,19.9633333333333
30-Mar-2023 08:42:00,30-Mar-2023 08:49:00,2023-03-30 09:06:03.800,7,47,17.0633333333333
30-Mar-2023 08:42:00,30-Mar-2023 08:48:00,2023-03-30 08:59:35.000,6,47,11.5833333333333
30-Mar-2023 08:42:00,30-Mar-2023 08:49:00,2023-03-30 09:01:44.000,7,47,12.7333333333333
30-Mar-2023 08:42:00,30-Mar-2023 08:48:00,2023-03-30 08:46:56.600,6,47,NaN
30-Mar-2023 09:49:00,30-Mar-2023 09:49:00,2023-03-30 09:58:34.000,0,10,9.56666666666667
30-Mar-2023 09:49:00,30-Mar-2023 09:49:00,2023-03-30 09:57:23.800,0,10,8.39666666666667
30-Mar-2023 09:49:00,30-Mar-2023 09:50:00,2023-03-30 09:52:20.799,1,10,2.34666666665
30-Mar-2023 09:49:00,30-Mar-2023 09:50:00,2023-03-30 09:56:55.000,1,10,6.91666666666667
30-Mar-2023 09:49:00,30-Mar-2023 09:58:00,2023-03-30 10:05:26.800,9,10,7.44666666666667
30-Mar-2023 09:49:00,30-Mar-2023 09:50:00,2023-03-30 10:02:41.800,1,10,12.6966666666667
30-Mar-2023 09:49:00,30-Mar-2023 09:58:00,2023-03-30 10:12:02.800,9,10,14.0466666666667
30-Mar-2023 09:49:00,30-Mar-2023 09:52:00,2023-03-30 10:04:28.000,3,10,12.4666666666667
30-Mar-2023 09:49:00,30-Mar-2023 09:57:00,2023-03-30 10:08:35.199,8,10,11.58666666665
30-Mar-2023 09:49:00,30-Mar-2023 09:59:00,2023-03-30 10:13:34.600,10,10,14.5766666666667
30-Mar-2023 10:31:00,30-Mar-2023 10:31:00,2023-03-30 10:44:31.400,0,32,13.5233333333333
30-Mar-2023 10:31:00,30-Mar-2023 10:35:00,2023-03-30 10:40:59.000,4,32,5.98333333333333
30-Mar-2023 10:31:00,30-Mar-2023 10:37:00,2023-03-30 10:48:41.000,6,32,11.6833333333333
30-Mar-2023 10:31:00,30-Mar-2023 10:33:00,2023-03-30 10:44:06.200,2,32,11.1033333333333
30-Mar-2023 10:31:00,30-Mar-2023 10:31:00,2023-03-30 10:36:47.600,0,32,5.79333333333333
30-Mar-2023 10:31:00,30-Mar-2023 10:31:00,2023-03-30 10:45:21.800,0,32,14.3633333333333
30-Mar-2023 10:31:00,30-Mar-2023 10:34:00,2023-03-30 10:45:29.000,3,32,11.4833333333333
30-Mar-2023 10:31:00,30-Mar-2023 10:41:00,2023-03-30 10:51:06.800,10,32,10.1133333333333
30-Mar-2023 10:31:00,30-Mar-2023 10:38:00,2023-03-30 10:47:33.200,7,32,9.55333333333333
30-Mar-2023 10:31:00,30-Mar-2023 10:32:00,2023-03-30 10:39:00.200,1,32,7.00333333333333
30-Mar-2023 10:31:00,30-Mar-2023 10:38:00,2023-03-30 10:47:40.400,7,32,9.67333333333333
30-Mar-2023 10:31:00,30-Mar-2023 10:37:00,2023-03-30 10:39:12.200,6,32,2.20333333333333
30-Mar-2023 10:31:00,30-Mar-2023 10:41:00,2023-03-30 10:47:42.800,10,32,6.71333333333333
30-Mar-2023 10:31:00,30-Mar-2023 10:34:00,2023-03-30 10:46:30.199,3,32,12.5033333333167
30-Mar-2023 10:31:00,30-Mar-2023 10:31:00,2023-03-30 10:37:44.000,0,32,6.73333333333333
30-Mar-2023 10:31:00,30-Mar-2023 10:35:00,2023-03-30 10:44:29.599,4,32,9.49333333331667
30-Mar-2023 10:31:00,30-Mar-2023 10:41:00,2023-03-30 10:53:36.200,10,32,12.6033333333333
30-Mar-2023 10:31:00,30-Mar-2023 10:33:00,2023-03-30 10:44:02.000,2,32,11.0333333333333
30-Mar-2023 10:31:00,30-Mar-2023 10:33:00,2023-03-30 10:44:15.800,2,32,11.2633333333333
30-Mar-2023 10:31:00,30-Mar-2023 10:39:00,2023-03-30 10:54:21.200,8,32,15.3533333333333
30-Mar-2023 10:31:00,30-Mar-2023 10:37:00,2023-03-30 10:51:24.199,6,32,14.4033333333167
30-Mar-2023 10:31:00,30-Mar-2023 10:35:00,2023-03-30 10:41:16.400,4,32,6.27333333333333
30-Mar-2023 10:31:00,30-Mar-2023 10:32:00,2023-03-30 10:40:09.200,1,32,8.15333333333333
30-Mar-2023 10:31:00,30-Mar-2023 10:34:00,2023-03-30 10:53:14.600,3,32,19.2433333333333
30-Mar-2023 10:31:00,30-Mar-2023 10:32:00,2023-03-30 10:38:25.400,1,32,6.42333333333333
30-Mar-2023 10:31:00,30-Mar-2023 10:36:00,2023-03-30 10:38:43.399,5,32,2.72333333331667
30-Mar-2023 10:31:00,30-Mar-2023 10:31:00,2023-03-30 10:43:58.400,0,32,12.9733333333333
30-Mar-2023 10:31:00,30-Mar-2023 10:40:00,2023-03-30 10:50:53.000,9,32,10.8833333333333
30-Mar-2023 10:31:00,30-Mar-2023 10:35:00,2023-03-30 10:47:15.199,4,32,12.2533333333167
30-Mar-2023 10:31:00,30-Mar-2023 10:31:00,2023-03-30 10:43:34.400,0,32,12.5733333333333
30-Mar-2023 10:31:00,30-Mar-2023 10:33:00,2023-03-30 10:42:10.400,2,32,9.17333333333333
30-Mar-2023 10:31:00,30-Mar-2023 10:38:00,2023-03-30 10:39:24.800,7,32,1.41333333333333
30-Mar-2023 11:32:00,30-Mar-2023 11:32:00,2023-03-30 11:36:39.200,0,2,4.65333333333333
30-Mar-2023 11:32:00,30-Mar-2023 11:32:00,2023-03-30 11:36:58.400,0,2,4.97333333333333
30-Mar-2023 12:33:00,30-Mar-2023 12:33:00,2023-03-30 12:49:45.999,0,40,16.76666666665
30-Mar-2023 12:33:00,30-Mar-2023 12:35:00,2023-03-30 12:45:49.600,2,40,10.8266666666667
30-Mar-2023 12:33:00,30-Mar-2023 12:39:00,2023-03-30 12:46:31.600,6,40,7.52666666666667
30-Mar-2023 12:33:00,30-Mar-2023 12:43:00,2023-03-30 13:07:39.399,10,40,24.65666666665
30-Mar-2023 12:33:00,30-Mar-2023 12:38:00,2023-03-30 12:52:29.199,5,40,14.48666666665
30-Mar-2023 12:33:00,30-Mar-2023 12:40:00,2023-03-30 12:46:10.599,7,40,6.17666666665
30-Mar-2023 12:33:00,30-Mar-2023 12:36:00,2023-03-30 12:40:23.200,3,40,4.38666666666667
30-Mar-2023 12:33:00,30-Mar-2023 12:37:00,2023-03-30 12:37:46.600,4,40,0.776666666666667
30-Mar-2023 12:33:00,30-Mar-2023 12:43:00,2023-03-30 12:51:53.799,10,40,8.89666666665
30-Mar-2023 12:33:00,30-Mar-2023 12:37:00,2023-03-30 12:44:00.400,4,40,7.00666666666667
30-Mar-2023 12:33:00,30-Mar-2023 12:42:00,2023-03-30 12:52:08.800,9,40,10.1466666666667
30-Mar-2023 12:33:00,30-Mar-2023 12:41:00,2023-03-30 12:57:34.000,8,40,16.5666666666667
30-Mar-2023 12:33:00,30-Mar-2023 12:40:00,2023-03-30 12:49:16.000,7,40,9.26666666666667
30-Mar-2023 12:33:00,30-Mar-2023 12:36:00,2023-03-30 12:46:44.800,3,40,10.7466666666667
30-Mar-2023 12:33:00,30-Mar-2023 12:40:00,2023-03-30 12:59:03.400,7,40,19.0566666666667
30-Mar-2023 12:33:00,30-Mar-2023 12:36:00,2023-03-30 12:46:46.600,3,40,10.7766666666667
30-Mar-2023 12:33:00,30-Mar-2023 12:34:00,2023-03-30 12:49:01.000,1,40,15.0166666666667
30-Mar-2023 12:33:00,30-Mar-2023 12:36:00,2023-03-30 12:48:37.600,3,40,12.6266666666667
30-Mar-2023 12:33:00,30-Mar-2023 12:39:00,2023-03-30 12:46:11.800,6,40,7.19666666666667
30-Mar-2023 12:33:00,30-Mar-2023 12:42:00,2023-03-30 12:47:44.200,9,40,5.73666666666667
30-Mar-2023 12:33:00,30-Mar-2023 12:38:00,2023-03-30 12:58:21.399,5,40,20.35666666665
30-Mar-2023 12:33:00,30-Mar-2023 12:39:00,2023-03-30 12:45:09.400,6,40,6.15666666666667
30-Mar-2023 12:33:00,30-Mar-2023 12:37:00,2023-03-30 12:43:38.200,4,40,6.63666666666667
30-Mar-2023 12:33:00,30-Mar-2023 12:43:00,2023-03-30 12:48:21.400,10,40,5.35666666666667
30-Mar-2023 12:33:00,30-Mar-2023 12:38:00,2023-03-30 12:57:11.800,5,40,19.1966666666667
30-Mar-2023 12:33:00,30-Mar-2023 12:34:00,2023-03-30 12:46:39.400,1,40,12.6566666666667
30-Mar-2023 12:33:00,30-Mar-2023 12:35:00,2023-03-30 12:45:08.199,2,40,10.13666666665
30-Mar-2023 12:33:00,30-Mar-2023 12:40:00,2023-03-30 12:50:04.600,7,40,10.0766666666667
30-Mar-2023 12:33:00,30-Mar-2023 12:33:00,2023-03-30 12:37:31.000,0,40,4.51666666666667
30-Mar-2023 12:33:00,30-Mar-2023 12:34:00,2023-03-30 12:41:15.400,1,40,7.25666666666667
30-Mar-2023 12:33:00,30-Mar-2023 12:43:00,2023-03-30 12:53:44.199,10,40,10.73666666665
30-Mar-2023 12:33:00,30-Mar-2023 12:38:00,2023-03-30 12:49:13.000,5,40,11.2166666666667
30-Mar-2023 12:33:00,30-Mar-2023 12:40:00,2023-03-30 12:51:38.800,7,40,11.6466666666667
30-Mar-2023 12:33:00,30-Mar-2023 12:38:00,2023-03-30 12:45:08.800,5,40,7.14666666666667
30-Mar-2023 12:33:00,30-Mar-2023 12:43:00,2023-03-30 12:55:49.000,10,40,12.8166666666667
30-Mar-2023 12:33:00,30-Mar-2023 12:37:00,2023-03-30 12:43:26.800,4,40,6.44666666666667
30-Mar-2023 12:33:00,30-Mar-2023 12:40:00,2023-03-30 12:59:59.200,7,40,19.9866666666667
30-Mar-2023 12:33:00,30-Mar-2023 12:37:00,2023-03-30 12:41:50.200,4,40,4.83666666666667
30-Mar-2023 12:33:00,30-Mar-2023 12:43:00,2023-03-30 12:54:04.000,10,40,11.0666666666667
30-Mar-2023 12:33:00,30-Mar-2023 12:43:00,2023-03-30 12:47:28.000,10,40,4.46666666666667
30-Mar-2023 13:55:00,30-Mar-2023 13:55:00,2023-03-30 13:57:17.800,0,25,2.29666666666667
30-Mar-2023 13:55:00,30-Mar-2023 14:03:00,2023-03-30 14:17:02.199,8,25,14.03666666665
30-Mar-2023 13:55:00,30-Mar-2023 13:57:00,2023-03-30 14:10:25.000,2,25,13.4166666666667
30-Mar-2023 13:55:00,30-Mar-2023 13:57:00,2023-03-30 14:12:24.400,2,25,15.4066666666667
30-Mar-2023 13:55:00,30-Mar-2023 14:05:00,2023-03-30 14:14:08.199,10,25,9.13666666665
30-Mar-2023 13:55:00,30-Mar-2023 13:58:00,2023-03-30 14:14:21.400,3,25,16.3566666666667
30-Mar-2023 13:55:00,30-Mar-2023 13:57:00,2023-03-30 14:06:14.200,2,25,9.23666666666667
30-Mar-2023 13:55:00,30-Mar-2023 13:59:00,2023-03-30 14:12:23.199,4,25,13.38666666665
30-Mar-2023 13:55:00,30-Mar-2023 13:58:00,2023-03-30 14:06:46.000,3,25,8.76666666666667
30-Mar-2023 13:55:00,30-Mar-2023 13:57:00,2023-03-30 14:08:47.199,2,25,11.78666666665
30-Mar-2023 13:55:00,30-Mar-2023 13:58:00,2023-03-30 14:11:01.600,3,25,13.0266666666667
30-Mar-2023 13:55:00,30-Mar-2023 13:56:00,2023-03-30 14:07:29.800,1,25,11.4966666666667
30-Mar-2023 13:55:00,30-Mar-2023 13:57:00,2023-03-30 14:02:13.600,2,25,5.22666666666667
30-Mar-2023 13:55:00,30-Mar-2023 13:59:00,2023-03-30 14:13:24.400,4,25,14.4066666666667
30-Mar-2023 13:55:00,30-Mar-2023 14:04:00,2023-03-30 14:12:14.800,9,25,8.24666666666667
30-Mar-2023 13:55:00,30-Mar-2023 14:03:00,2023-03-30 14:17:57.400,8,25,14.9566666666667
30-Mar-2023 13:55:00,30-Mar-2023 14:05:00,2023-03-30 14:10:41.799,10,25,5.69666666665
30-Mar-2023 13:55:00,30-Mar-2023 13:57:00,2023-03-30 14:14:53.200,2,25,17.8866666666667
30-Mar-2023 13:55:00,30-Mar-2023 14:05:00,2023-03-30 14:11:39.400,10,25,6.65666666666667
30-Mar-2023 13:55:00,30-Mar-2023 13:57:00,2023-03-30 14:07:27.400,2,25,10.4566666666667
30-Mar-2023 13:55:00,30-Mar-2023 14:04:00,2023-03-30 14:10:32.200,9,25,6.53666666666667
30-Mar-2023 13:55:00,30-Mar-2023 13:57:00,2023-03-30 14:09:03.400,2,25,12.0566666666667
30-Mar-2023 13:55:00,30-Mar-2023 14:03:00,2023-03-30 14:15:31.000,8,25,12.5166666666667
30-Mar-2023 13:55:00,30-Mar-2023 13:58:00,2023-03-30 14:07:15.400,3,25,9.25666666666667
30-Mar-2023 13:55:00,30-Mar-2023 13:58:00,2023-03-30 14:10:35.800,3,25,12.5966666666667
30-Mar-2023 14:12:00,30-Mar-2023 14:12:00,2023-03-30 14:32:00.800,0,17,20.0133333333333
30-Mar-2023 14:12:00,30-Mar-2023 14:22:00,2023-03-30 14:39:19.400,10,17,17.3233333333333
30-Mar-2023 14:12:00,30-Mar-2023 14:19:00,2023-03-30 14:30:53.599,7,17,11.8933333333167
30-Mar-2023 14:12:00,30-Mar-2023 14:19:00,2023-03-30 14:39:29.000,7,17,20.4833333333333
30-Mar-2023 14:12:00,30-Mar-2023 14:19:00,2023-03-30 14:32:25.400,7,17,13.4233333333333
30-Mar-2023 14:12:00,30-Mar-2023 14:13:00,2023-03-30 14:27:32.600,1,17,14.5433333333333
30-Mar-2023 14:12:00,30-Mar-2023 14:15:00,2023-03-30 14:27:56.600,3,17,12.9433333333333
30-Mar-2023 14:12:00,30-Mar-2023 14:17:00,2023-03-30 14:23:08.600,5,17,6.14333333333333
30-Mar-2023 14:12:00,30-Mar-2023 14:16:00,2023-03-30 14:31:50.600,4,17,15.8433333333333
30-Mar-2023 14:12:00,30-Mar-2023 14:15:00,2023-03-30 14:23:40.400,3,17,8.67333333333333
30-Mar-2023 14:12:00,30-Mar-2023 14:16:00,2023-03-30 14:34:41.000,4,17,18.6833333333333
30-Mar-2023 14:12:00,30-Mar-2023 14:22:00,2023-03-30 14:28:22.400,10,17,6.37333333333333
30-Mar-2023 14:12:00,30-Mar-2023 14:15:00,2023-03-30 14:26:48.199,3,17,11.8033333333167
30-Mar-2023 14:12:00,30-Mar-2023 14:17:00,2023-03-30 14:27:05.000,5,17,10.0833333333333
30-Mar-2023 14:12:00,30-Mar-2023 14:16:00,2023-03-30 14:25:21.200,4,17,9.35333333333333
30-Mar-2023 14:12:00,30-Mar-2023 14:18:00,2023-03-30 14:24:06.200,6,17,6.10333333333333
30-Mar-2023 14:12:00,30-Mar-2023 14:19:00,2023-03-30 14:29:26.000,7,17,10.4333333333333
30-Mar-2023 15:45:00,30-Mar-2023 15:45:00,2023-03-30 15:55:36.400,0,25,10.6066666666667
30-Mar-2023 15:45:00,30-Mar-2023 15:45:00,2023-03-30 15:52:15.400,0,25,7.25666666666667
30-Mar-2023 15:45:00,30-Mar-2023 15:49:00,2023-03-30 16:03:56.800,4,25,14.9466666666667
30-Mar-2023 15:45:00,30-Mar-2023 15:52:00,2023-03-30 16:07:46.000,7,25,15.7666666666667
30-Mar-2023 15:45:00,30-Mar-2023 15:55:00,2023-03-30 16:03:16.600,10,25,8.27666666666667
30-Mar-2023 15:45:00,30-Mar-2023 15:46:00,2023-03-30 15:53:09.400,1,25,7.15666666666667
30-Mar-2023 15:45:00,30-Mar-2023 15:54:00,2023-03-30 16:06:53.800,9,25,12.8966666666667
30-Mar-2023 15:45:00,30-Mar-2023 15:48:00,2023-03-30 16:04:30.400,3,25,16.5066666666667
30-Mar-2023 15:45:00,30-Mar-2023 15:48:00,2023-03-30 16:11:06.399,3,25,23.10666666665
30-Mar-2023 15:45:00,30-Mar-2023 15:53:00,2023-03-30 16:02:50.199,8,25,9.83666666665
30-Mar-2023 15:45:00,30-Mar-2023 15:51:00,2023-03-30 16:10:25.600,6,25,19.4266666666667
30-Mar-2023 15:45:00,30-Mar-2023 15:45:00,2023-03-30 15:59:17.800,0,25,14.2966666666667
30-Mar-2023 15:45:00,30-Mar-2023 15:47:00,2023-03-30 16:00:38.800,2,25,13.6466666666667
30-Mar-2023 15:45:00,30-Mar-2023 15:53:00,2023-03-30 16:03:34.000,8,25,10.5666666666667
30-Mar-2023 15:45:00,30-Mar-2023 15:54:00,2023-03-30 15:58:28.600,9,25,4.47666666666667
30-Mar-2023 15:45:00,30-Mar-2023 15:53:00,2023-03-30 15:58:00.400,8,25,5.00666666666667
30-Mar-2023 15:45:00,30-Mar-2023 15:49:00,2023-03-30 15:53:28.000,4,25,4.46666666666667
30-Mar-2023 15:45:00,30-Mar-2023 15:49:00,2023-03-30 16:03:41.199,4,25,14.68666666665
30-Mar-2023 15:45:00,30-Mar-2023 15:51:00,2023-03-30 15:53:13.000,6,25,2.21666666666667
30-Mar-2023 15:45:00,30-Mar-2023 15:52:00,2023-03-30 16:07:22.600,7,25,15.3766666666667
30-Mar-2023 15:45:00,30-Mar-2023 15:52:00,2023-03-30 16:08:41.800,7,25,16.6966666666667
30-Mar-2023 15:45:00,30-Mar-2023 15:47:00,2023-03-30 15:56:31.600,2,25,9.52666666666667
30-Mar-2023 15:45:00,30-Mar-2023 15:55:00,2023-03-30 16:04:31.600,10,25,9.52666666666667
30-Mar-2023 15:45:00,30-Mar-2023 15:50:00,2023-03-30 15:48:12.400,5,25,NaN
30-Mar-2023 15:45:00,30-Mar-2023 15:48:00,2023-03-30 15:53:22.000,3,25,5.36666666666667
30-Mar-2023 16:45:00,30-Mar-2023 16:45:00,2023-03-30 16:52:38.000,0,27,7.63333333333333
30-Mar-2023 16:45:00,30-Mar-2023 16:54:00,2023-03-30 17:11:31.400,9,27,17.5233333333333
30-Mar-2023 16:45:00,30-Mar-2023 16:51:00,2023-03-30 16:56:32.000,6,27,5.53333333333333
30-Mar-2023 16:45:00,30-Mar-2023 16:53:00,2023-03-30 16:50:12.200,8,27,NaN
30-Mar-2023 16:45:00,30-Mar-2023 16:52:00,2023-03-30 17:05:27.200,7,27,13.4533333333333
30-Mar-2023 16:45:00,30-Mar-2023 16:48:00,2023-03-30 17:06:10.399,3,27,18.1733333333167
30-Mar-2023 16:45:00,30-Mar-2023 16:53:00,2023-03-30 16:51:37.400,8,27,NaN
30-Mar-2023 16:45:00,30-Mar-2023 16:45:00,2023-03-30 17:03:15.200,0,27,18.2533333333333
30-Mar-2023 16:45:00,30-Mar-2023 16:55:00,2023-03-30 16:59:29.600,10,27,4.49333333333333
30-Mar-2023 16:45:00,30-Mar-2023 16:46:00,2023-03-30 16:59:47.000,1,27,13.7833333333333
30-Mar-2023 16:45:00,30-Mar-2023 16:47:00,2023-03-30 16:57:41.000,2,27,10.6833333333333
30-Mar-2023 16:45:00,30-Mar-2023 16:48:00,2023-03-30 16:57:35.600,3,27,9.59333333333333
30-Mar-2023 16:45:00,30-Mar-2023 16:50:00,2023-03-30 17:05:38.600,5,27,15.6433333333333
30-Mar-2023 16:45:00,30-Mar-2023 16:50:00,2023-03-30 16:59:33.200,5,27,9.55333333333333
30-Mar-2023 16:45:00,30-Mar-2023 16:55:00,2023-03-30 17:05:21.800,10,27,10.3633333333333
30-Mar-2023 16:45:00,30-Mar-2023 16:49:00,2023-03-30 16:57:41.000,4,27,8.68333333333333
30-Mar-2023 16:45:00,30-Mar-2023 16:45:00,2023-03-30 16:59:50.600,0,27,14.8433333333333
30-Mar-2023 16:45:00,30-Mar-2023 16:45:00,2023-03-30 16:54:41.000,0,27,9.68333333333333
30-Mar-2023 16:45:00,30-Mar-2023 16:53:00,2023-03-30 17:04:33.200,8,27,11.5533333333333
30-Mar-2023 16:45:00,30-Mar-2023 16:53:00,2023-03-30 17:07:20.600,8,27,14.3433333333333
30-Mar-2023 16:45:00,30-Mar-2023 16:54:00,2023-03-30 17:13:50.000,9,27,19.8333333333333
30-Mar-2023 16:45:00,30-Mar-2023 16:45:00,2023-03-30 16:51:30.200,0,27,6.50333333333333
30-Mar-2023 16:45:00,30-Mar-2023 16:50:00,2023-03-30 16:54:21.800,5,27,4.36333333333333
30-Mar-2023 16:45:00,30-Mar-2023 16:45:00,2023-03-30 16:54:51.200,0,27,9.85333333333333
30-Mar-2023 16:45:00,30-Mar-2023 16:50:00,2023-03-30 16:53:33.800,5,27,3.56333333333333
30-Mar-2023 16:45:00,30-Mar-2023 16:49:00,2023-03-30 16:59:53.000,4,27,10.8833333333333
30-Mar-2023 16:45:00,30-Mar-2023 16:46:00,2023-03-30 16:48:47.000,1,27,2.78333333333333
30-Mar-2023 17:34:00,30-Mar-2023 17:34:00,2023-03-30 17:47:26.000,0,16,13.4333333333333
30-Mar-2023 17:34:00,30-Mar-2023 17:37:00,2023-03-30 17:49:18.800,3,16,12.3133333333333
30-Mar-2023 17:34:00,30-Mar-2023 17:34:00,2023-03-30 17:51:12.200,0,16,17.2033333333333
30-Mar-2023 17:34:00,30-Mar-2023 17:36:00,2023-03-30 17:51:18.800,2,16,15.3133333333333
30-Mar-2023 17:34:00,30-Mar-2023 17:34:00,2023-03-30 17:43:35.600,0,16,9.59333333333333
30-Mar-2023 17:34:00,30-Mar-2023 17:40:00,2023-03-30 17:58:08.000,6,16,18.1333333333333
30-Mar-2023 17:34:00,30-Mar-2023 17:41:00,2023-03-30 17:45:27.200,7,16,4.45333333333333
30-Mar-2023 17:34:00,30-Mar-2023 17:43:00,2023-03-30 17:54:59.599,9,16,11.9933333333167
30-Mar-2023 17:34:00,30-Mar-2023 17:36:00,2023-03-30 17:48:13.400,2,16,12.2233333333333
30-Mar-2023 17:34:00,30-Mar-2023 17:43:00,2023-03-30 17:51:59.599,9,16,8.99333333331667
30-Mar-2023 17:34:00,30-Mar-2023 17:36:00,2023-03-30 17:46:44.599,2,16,10.7433333333167
30-Mar-2023 17:34:00,30-Mar-2023 17:38:00,2023-03-30 17:39:58.400,4,16,1.97333333333333
30-Mar-2023 17:34:00,30-Mar-2023 17:43:00,2023-03-30 17:43:08.600,9,16,0.143333333333333
30-Mar-2023 17:34:00,30-Mar-2023 17:40:00,2023-03-30 17:45:43.400,6,16,5.72333333333333
30-Mar-2023 17:34:00,30-Mar-2023 17:37:00,2023-03-30 17:52:49.400,3,16,15.8233333333333
30-Mar-2023 17:34:00,30-Mar-2023 17:42:00,2023-03-30 17:53:02.600,8,16,11.0433333333333
30-Mar-2023 18:31:00,30-Mar-2023 18:31:00,2023-03-30 18:41:58.800,0,30,10.98
30-Mar-2023 18:31:00,30-Mar-2023 18:32:00,2023-03-30 18:46:47.400,1,30,14.79
30-Mar-2023 18:31:00,30-Mar-2023 18:35:00,2023-03-30 18:42:41.400,4,30,7.69
30-Mar-2023 18:31:00,30-Mar-2023 18:31:00,2023-03-30 18:41:57.600,0,30,10.96
30-Mar-2023 18:31:00,30-Mar-2023 18:36:00,2023-03-30 18:41:33.000,5,30,5.55
30-Mar-2023 18:31:00,30-Mar-2023 18:33:00,2023-03-30 18:44:40.800,2,30,11.68
30-Mar-2023 18:31:00,30-Mar-2023 18:34:00,2023-03-30 18:48:10.199,3,30,14.1699999999833
30-Mar-2023 18:31:00,30-Mar-2023 18:39:00,2023-03-30 18:56:14.400,8,30,17.24
30-Mar-2023 18:31:00,30-Mar-2023 18:38:00,2023-03-30 18:47:10.199,7,30,9.16999999998333
30-Mar-2023 18:31:00,30-Mar-2023 18:40:00,2023-03-30 18:53:51.600,9,30,13.86
30-Mar-2023 18:31:00,30-Mar-2023 18:35:00,2023-03-30 18:51:09.600,4,30,16.16
30-Mar-2023 18:31:00,30-Mar-2023 18:31:00,2023-03-30 18:46:37.800,0,30,15.63
30-Mar-2023 18:31:00,30-Mar-2023 18:34:00,2023-03-30 18:47:57.600,3,30,13.96
30-Mar-2023 18:31:00,30-Mar-2023 18:40:00,2023-03-30 18:50:31.800,9,30,10.53
30-Mar-2023 18:31:00,30-Mar-2023 18:39:00,2023-03-30 18:43:45.600,8,30,4.76
30-Mar-2023 18:31:00,30-Mar-2023 18:32:00,2023-03-30 18:45:27.600,1,30,13.46
30-Mar-2023 18:31:00,30-Mar-2023 18:34:00,2023-03-30 18:46:36.000,3,30,12.6
30-Mar-2023 18:31:00,30-Mar-2023 18:40:00,2023-03-30 18:54:00.000,9,30,14
30-Mar-2023 18:31:00,30-Mar-2023 18:35:00,2023-03-30 18:55:15.600,4,30,20.26
30-Mar-2023 18:31:00,30-Mar-2023 18:37:00,2023-03-30 18:43:46.800,6,30,6.78
30-Mar-2023 18:31:00,30-Mar-2023 18:34:00,2023-03-30 18:36:13.200,3,30,2.22
30-Mar-2023 18:31:00,30-Mar-2023 18:32:00,2023-03-30 18:38:27.000,1,30,6.45
30-Mar-2023 18:31:00,30-Mar-2023 18:37:00,2023-03-30 18:50:07.200,6,30,13.12
30-Mar-2023 18:31:00,30-Mar-2023 18:41:00,2023-03-30 18:56:00.599,10,30,15.0099999999833
30-Mar-2023 18:31:00,30-Mar-2023 18:32:00,2023-03-30 18:31:24.000,1,30,NaN
30-Mar-2023 18:31:00,30-Mar-2023 18:31:00,2023-03-30 18:34:27.000,0,30,3.45
30-Mar-2023 18:31:00,30-Mar-2023 18:36:00,2023-03-30 18:58:00.600,5,30,22.01
30-Mar-2023 18:31:00,30-Mar-2023 18:37:00,2023-03-30 18:49:27.000,6,30,12.45
30-Mar-2023 18:31:00,30-Mar-2023 18:34:00,2023-03-30 18:49:48.000,3,30,15.8
30-Mar-2023 18:31:00,30-Mar-2023 18:33:00,2023-03-30 18:40:14.400,2,30,7.24
30-Mar-2023 19:51:00,30-Mar-2023 19:51:00,2023-03-30 20:00:39.400,0,12,9.65666666666667
30-Mar-2023 19:51:00,30-Mar-2023 19:57:00,2023-03-30 20:13:29.200,6,12,16.4866666666667
30-Mar-2023 19:51:00,30-Mar-2023 19:53:00,2023-03-30 20:05:05.800,2,12,12.0966666666667
30-Mar-2023 19:51:00,30-Mar-2023 19:52:00,2023-03-30 20:01:13.600,1,12,9.22666666666667
30-Mar-2023 19:51:00,30-Mar-2023 19:57:00,2023-03-30 20:10:29.800,6,12,13.4966666666667
30-Mar-2023 19:51:00,30-Mar-2023 19:57:00,2023-03-30 20:07:34.600,6,12,10.5766666666667
30-Mar-2023 19:51:00,30-Mar-2023 19:59:00,2023-03-30 20:16:43.599,8,12,17.72666666665
30-Mar-2023 19:51:00,30-Mar-2023 19:56:00,2023-03-30 20:10:28.600,5,12,14.4766666666667
30-Mar-2023 19:51:00,30-Mar-2023 19:51:00,2023-03-30 20:02:42.400,0,12,11.7066666666667
30-Mar-2023 19:51:00,30-Mar-2023 19:55:00,2023-03-30 19:59:34.000,4,12,4.56666666666667
30-Mar-2023 19:51:00,30-Mar-2023 20:00:00,2023-03-30 20:17:22.000,9,12,17.3666666666667
30-Mar-2023 19:51:00,30-Mar-2023 20:00:00,2023-03-30 20:14:59.800,9,12,14.9966666666667
30-Mar-2023 20:49:00,30-Mar-2023 20:49:00,2023-03-30 20:56:26.000,0,22,7.43333333333333
30-Mar-2023 20:49:00,30-Mar-2023 20:56:00,2023-03-30 20:57:38.000,7,22,1.63333333333333
30-Mar-2023 20:49:00,30-Mar-2023 20:58:00,2023-03-30 21:08:18.800,9,22,10.3133333333333
30-Mar-2023 20:49:00,30-Mar-2023 20:59:00,2023-03-30 21:08:18.199,10,22,9.30333333331667
30-Mar-2023 20:49:00,30-Mar-2023 20:50:00,2023-03-30 20:59:22.999,1,22,9.38333333331667
30-Mar-2023 20:49:00,30-Mar-2023 20:53:00,2023-03-30 21:12:48.200,4,22,19.8033333333333
30-Mar-2023 20:49:00,30-Mar-2023 20:54:00,2023-03-30 21:09:51.200,5,22,15.8533333333333
30-Mar-2023 20:49:00,30-Mar-2023 20:59:00,2023-03-30 21:15:10.400,10,22,16.1733333333333
30-Mar-2023 20:49:00,30-Mar-2023 20:50:00,2023-03-30 20:58:30.800,1,22,8.51333333333333
30-Mar-2023 20:49:00,30-Mar-2023 20:54:00,2023-03-30 21:07:36.800,5,22,13.6133333333333
30-Mar-2023 20:49:00,30-Mar-2023 20:57:00,2023-03-30 21:06:48.199,8,22,9.80333333331667
30-Mar-2023 20:49:00,30-Mar-2023 20:50:00,2023-03-30 21:01:18.199,1,22,11.3033333333167
30-Mar-2023 20:49:00,30-Mar-2023 20:59:00,2023-03-30 21:19:03.800,10,22,20.0633333333333
30-Mar-2023 20:49:00,30-Mar-2023 20:59:00,2023-03-30 21:12:42.800,10,22,13.7133333333333
30-Mar-2023 20:49:00,30-Mar-2023 20:50:00,2023-03-30 21:03:21.800,1,22,13.3633333333333
30-Mar-2023 20:49:00,30-Mar-2023 20:58:00,2023-03-30 21:08:56.600,9,22,10.9433333333333
30-Mar-2023 20:49:00,30-Mar-2023 20:59:00,2023-03-30 21:05:38.000,10,22,6.63333333333333
30-Mar-2023 20:49:00,30-Mar-2023 20:52:00,2023-03-30 21:04:13.400,3,22,12.2233333333333
30-Mar-2023 20:49:00,30-Mar-2023 20:57:00,2023-03-30 21:07:11.600,8,22,10.1933333333333
30-Mar-2023 20:49:00,30-Mar-2023 20:51:00,2023-03-30 21:04:48.199,2,22,13.8033333333167
30-Mar-2023 20:49:00,30-Mar-2023 20:59:00,2023-03-30 21:02:36.800,10,22,3.61333333333333
30-Mar-2023 20:49:00,30-Mar-2023 20:49:00,2023-03-30 21:10:51.800,0,22,21.8633333333333
30-Mar-2023 21:09:00,30-Mar-2023 21:09:00,2023-03-30 21:20:08.400,0,44,11.14
30-Mar-2023 21:09:00,30-Mar-2023 21:12:00,2023-03-30 21:34:46.800,3,44,22.78
30-Mar-2023 21:09:00,30-Mar-2023 21:11:00,2023-03-30 21:15:36.000,2,44,4.6
30-Mar-2023 21:09:00,30-Mar-2023 21:18:00,2023-03-30 21:27:10.800,9,44,9.18
30-Mar-2023 21:09:00,30-Mar-2023 21:12:00,2023-03-30 21:15:07.199,3,44,3.11999999998333
30-Mar-2023 21:09:00,30-Mar-2023 21:18:00,2023-03-30 21:25:12.600,9,44,7.21
30-Mar-2023 21:09:00,30-Mar-2023 21:09:00,2023-03-30 21:17:24.599,0,44,8.40999999998333
30-Mar-2023 21:09:00,30-Mar-2023 21:13:00,2023-03-30 21:28:34.800,4,44,15.58
30-Mar-2023 21:09:00,30-Mar-2023 21:13:00,2023-03-30 21:26:19.200,4,44,13.32
30-Mar-2023 21:09:00,30-Mar-2023 21:13:00,2023-03-30 21:19:10.800,4,44,6.18
30-Mar-2023 21:09:00,30-Mar-2023 21:13:00,2023-03-30 21:15:24.000,4,44,2.4
30-Mar-2023 21:09:00,30-Mar-2023 21:15:00,2023-03-30 21:25:03.000,6,44,10.05
30-Mar-2023 21:09:00,30-Mar-2023 21:10:00,2023-03-30 21:21:51.000,1,44,11.85
30-Mar-2023 21:09:00,30-Mar-2023 21:13:00,2023-03-30 21:19:25.800,4,44,6.43
30-Mar-2023 21:09:00,30-Mar-2023 21:19:00,2023-03-30 21:33:13.800,10,44,14.23
30-Mar-2023 21:09:00,30-Mar-2023 21:13:00,2023-03-30 21:22:06.599,4,44,9.10999999998333
30-Mar-2023 21:09:00,30-Mar-2023 21:12:00,2023-03-30 21:14:43.200,3,44,2.72
30-Mar-2023 21:09:00,30-Mar-2023 21:09:00,2023-03-30 21:20:18.600,0,44,11.31
30-Mar-2023 21:09:00,30-Mar-2023 21:14:00,2023-03-30 21:24:12.000,5,44,10.2
30-Mar-2023 21:09:00,30-Mar-2023 21:09:00,2023-03-30 21:26:28.800,0,44,17.48
30-Mar-2023 21:09:00,30-Mar-2023 21:16:00,2023-03-30 21:23:32.400,7,44,7.54
30-Mar-2023 21:09:00,30-Mar-2023 21:13:00,2023-03-30 21:25:55.200,4,44,12.92
30-Mar-2023 21:09:00,30-Mar-2023 21:09:00,2023-03-30 21:19:54.600,0,44,10.91
30-Mar-2023 21:09:00,30-Mar-2023 21:14:00,2023-03-30 21:31:15.600,5,44,17.26
30-Mar-2023 21:09:00,30-Mar-2023 21:10:00,2023-03-30 21:13:16.200,1,44,3.27
30-Mar-2023 21:09:00,30-Mar-2023 21:18:00,2023-03-30 21:29:05.400,9,44,11.09
30-Mar-2023 21:09:00,30-Mar-2023 21:12:00,2023-03-30 21:25:58.800,3,44,13.98
30-Mar-2023 21:09:00,30-Mar-2023 21:19:00,2023-03-30 21:30:55.200,10,44,11.92
30-Mar-2023 21:09:00,30-Mar-2023 21:15:00,2023-03-30 21:29:37.199,6,44,14.6199999999833
30-Mar-2023 21:09:00,30-Mar-2023 21:14:00,2023-03-30 21:17:53.400,5,44,3.89
30-Mar-2023 21:09:00,30-Mar-2023 21:10:00,2023-03-30 21:25:54.600,1,44,15.91
30-Mar-2023 21:09:00,30-Mar-2023 21:19:00,2023-03-30 21:22:20.400,10,44,3.34
30-Mar-2023 21:09:00,30-Mar-2023 21:09:00,2023-03-30 21:17:12.000,0,44,8.2
30-Mar-2023 21:09:00,30-Mar-2023 21:14:00,2023-03-30 21:26:04.800,5,44,12.08
30-Mar-2023 21:09:00,30-Mar-2023 21:11:00,2023-03-30 21:19:51.599,2,44,8.85999999998333
30-Mar-2023 21:09:00,30-Mar-2023 21:13:00,2023-03-30 21:28:35.400,4,44,15.59
30-Mar-2023 21:09:00,30-Mar-2023 21:15:00,2023-03-30 21:25:13.800,6,44,10.23
30-Mar-2023 21:09:00,30-Mar-2023 21:15:00,2023-03-30 21:29:37.199,6,44,14.6199999999833
30-Mar-2023 21:09:00,30-Mar-2023 21:17:00,2023-03-30 21:25:57.000,8,44,8.95
30-Mar-2023 21:09:00,30-Mar-2023 21:19:00,2023-03-30 21:29:56.400,10,44,10.94
30-Mar-2023 21:09:00,30-Mar-2023 21:15:00,2023-03-30 21:29:53.400,6,44,14.89
30-Mar-2023 21:09:00,30-Mar-2023 21:19:00,2023-03-30 21:25:28.800,10,44,6.48
30-Mar-2023 21:09:00,30-Mar-2023 21:18:00,2023-03-30 21:23:42.600,9,44,5.71
30-Mar-2023 21:09:00,30-Mar-2023 21:10:00,2023-03-30 21:16:17.400,1,44,6.29
30-Mar-2023 22:00:00,30-Mar-2023 22:00:00,2023-03-30 22:01:59.200,0,12,1.98666666666667
30-Mar-2023 22:00:00,30-Mar-2023 22:06:00,2023-03-30 22:05:45.400,6,12,NaN
30-Mar-2023 22:00:00,30-Mar-2023 22:06:00,2023-03-30 22:23:00.400,6,12,17.0066666666667
30-Mar-2023 22:00:00,30-Mar-2023 22:06:00,2023-03-30 22:24:42.399,6,12,18.70666666665
30-Mar-2023 22:00:00,30-Mar-2023 22:07:00,2023-03-30 22:18:54.400,7,12,11.9066666666667
30-Mar-2023 22:00:00,30-Mar-2023 22:00:00,2023-03-30 22:10:19.600,0,12,10.3266666666667
30-Mar-2023 22:00:00,30-Mar-2023 22:10:00,2023-03-30 22:17:46.000,10,12,7.76666666666667
30-Mar-2023 22:00:00,30-Mar-2023 22:06:00,2023-03-30 22:12:17.800,6,12,6.29666666666667
30-Mar-2023 22:00:00,30-Mar-2023 22:04:00,2023-03-30 22:16:50.800,4,12,12.8466666666667
30-Mar-2023 22:00:00,30-Mar-2023 22:02:00,2023-03-30 22:16:59.800,2,12,14.9966666666667
30-Mar-2023 22:00:00,30-Mar-2023 22:10:00,2023-03-30 22:13:56.200,10,12,3.93666666666667
30-Mar-2023 22:00:00,30-Mar-2023 22:00:00,2023-03-30 22:05:35.799,0,12,5.59666666665
30-Mar-2023 23:54:00,30-Mar-2023 23:54:00,2023-03-31 00:00:42.400,0,2,6.70666666666667
30-Mar-2023 23:54:00,30-Mar-2023 23:58:00,2023-03-31 00:17:23.200,4,2,19.3866666666667
